protein_name,sequence,precursor_charge,precursor_isotope,transition_names
ABCB6,YYNAESYEVER[Harg],2,0,y10+1;y7+1;y8+1;y9+1;y6+1
ABCB6,ALNVLVPIFYR[Harg],2,0,y6+1;y8+1;y7+1;b4+1;y9+1
ABHD4,YVSLPNQNK[Hlys],2,0,y5+1;y7+1;b3+1;y4+1;y6+1
ADD2,VNVADEVQR[Harg],2,0,y4+1;b7+1;y7+1;y6+1;y5+1
ADD2,GNNSSNIWALR[Harg],2,0,y5+1;y7+1;y8+1;y6+1;y4+1
ADD2,VNILGEVVEK[Hlys],2,0,b7+1;y7+1;y5+1;y8+1;b3+1
AKR1B1,VAIDVGYR[Harg],2,0,y4+1;y5+1;y6+1;y7+1;y3+1
AKR1B1,LLLNNGAK[Hlys],2,0,b6+1;y6+1;y5+1;y7+1;y4+1
AKR1B10,VAIDAGYR[Harg],2,0,y4+1;y5+1;y6+1;y7+1;y3+1
AKR1B10,TAAQVLIR[Harg],2,0,y6+1;y4+1;y5+1;b5+1;y7+1
AKR1B10,IVENIQVFDFK[Hlys],2,0,b6+1;y10+1;y6+1;y7+1;y5+1
AKR1C2,TPALIALR[Harg],2,0,y6+1;y5+1;b6+1;b5+1;y7+1
AKR1C3,AIDGLDR[Harg],2,0,y3+1;y5+1;y4+1;b6+1;b3+1
AKR1C1|AKR1C2|AKR1C3,LAIEAGFR[Harg],2,0,y6+1;y5+1;y4+1;b7+1;y7+1
AKR1D1,TAAQIVLR[Harg],2,0,y6+1;y4+1;y5+1;b5+1;y7+1
AKR1D1,VAIDTGYR[Harg],2,0,y4+1;y5+1;y6+1;y7+1;y3+1
AKR1D1,SLGVSNFNR[Harg],2,0,y7+1;y5+1;b3+1;y6+1;y4+1
ALDH3A1,IQQLEALQR[Harg],2,0,y7+1;y6+1;b6+1;y5+1;b5+1
ALDH3A1,SLEEAIQFINQR[Harg],2,0,y7+1;y8+1;b8+1;y9+1;y10+1
ALDH3A1,LPEWAADEPVEK[Hlys],2,0,b8+1;y11+1;b11+1;y10+1;b7+1
ALDH3A2,NVDEAINFINER[Harg],2,0,y4+1;y8+1;y10+1;y9+1;y11+1
ALDH3A2,LQQLEALR[Harg],2,0,y6+1;b6+1;y5+1;y4+1;y7+1
ALDH3A2,ILSLLEGQK[Hlys],2,0,y7+1;b4+1;y5+1;y8+1;y4+1
BACH1,EAALSQEQIQILAK[Hlys],2,0,b4+1;b3+1;y11+1;y6+1;y8+1
BACH1,GFEPLIQFAYTAK[Hlys],2,0,y10+1;y8+1;y5+1;y7+1;y6+1
BAG2,FLDDLGNAK[Hlys],2,0,y7+1;y6+1;y5+1;y8+1;b6+1
BAG2,IIDEVVNK[Hlys],2,0,y6+1;y4+1;y7+1;b4+1;y5+1
BAG2,LLESLDQLELR[Harg],2,0,y10+1;y9+1;y7+1;b7+1;y8+1
BLVRB,LQAVTDDHIR[Harg],2,0,y8+1;y6+1;y3+1;y7+1;y4+1
BLVRB,TVAGQDAVIVLLGTR[Harg],2,0,y6+1;b8+1;y11+1;b6+1;b7+1
BLVRB,VVAC[Carb]TSAFLLWDPTK[Hlys],3,0,y3+1;y5+1;y6+1;y4+1;y7+1
CABYR,LVVPYGLK[Hlys],2,0,b6+1;y6+1;y4+1;y5+1;y7+1
CABYR,LAQLEENAK[Hlys],2,0,y6+1;y5+1;y8+1;y4+1;b4+1
CBR1,GIGLAIVR[Harg],2,0,y6+1;y4+1;b3+1;y3+1;y5+1
CBR1,LFSGDVVLTAR[Harg],2,0,y10+1;y7+1;y9+1;y6+1;y4+1
CBR3,VALVTGANR[Harg],2,0,y5+1;y6+1;y7+1;y4+1;y8+1
CBR3,VVNISSLQC[Carb]LR[Harg],2,0,y8+1;y10+1;b3+1;y7+1;y9+1
CBR3,TNFFATR[Harg],2,0,y5+1;b3+1;y4+1;y6+1;y3+1
CCL5,EYFYTSGK[Hlys],2,0,y4+1;y3+1;y5+1;y6+1;y7+1
CCL5,QVC[Carb]AMPEK[Hlys],2,0,y4+1;b7+1;y5+1;y6+1;y7+1
CCL5,C[Carb]SNPAVVFVTR[Harg],2,0,y9+1;y6+1;y7+1;y10+1;y8+1
CCND1,AYPDANLLNDR[Harg],2,0,y9+1;y7+1;y8+1;y4+1;y6+1
CCND1,AC[Carb]QEQIEALLESSLR[Harg],3,0,y6+1;y7+1;b5+1;b8+1;y4+1
CCND1,AEETC[Carb]APSVSYFK[Hlys],2,0,y9+1;y10+1;y6+1;y11+1;b5+1
CD273,TPEGLYQVTSVLR[Harg],2,0,y11+1;y6+1;y10+1;b7+1;y9+1
CD274,LFNVTSTLR[Harg],2,0,y7+1;y5+1;y6+1;y8+1;b5+1
CD274,LQDAGVYR[Harg],2,0,y6+1;y5+1;y4+1;y7+1;y3+1
CD279,LAAFPEDR[Harg],2,0,y5+1;y3+1;b7+1;y7+1;y6+1
CD279,VTQLPNGR[Harg],2,0,y4+1;y5+1;y6+1;y7+1;b4+1
CD279,DFHMSVVR[Harg],2,0,b5+1;y5+1;y6+1;y3+1;b4+1
CD4,SWITFDLK[Hlys],2,0,y6+1;y5+1;b4+1;y4+1;y3+1
CD4,SLWDQGNFPLIIK[Hlys],2,0,y7+1;y3+1;y10+1;y8+1;y5+1
CD4,LTGSGELWWQAER[Harg],2,0,y9+1;y8+1;b7+1;y5+1;y10+1
CD8A,AAEGLDTQR[Harg],2,0,y6+1;y3+1;y7+1;y4+1;y5+1
CD8A,TWNLGETVELK[Hlys],2,0,y10+1;y8+1;y9+1;y3+1;y7+1
CDKN2A,LPVDLAEELGHR[Harg],3,0,b7+1;y6+1;y8+1;b8+1;y7+1
CDKN2A,ALLEAGALPNAPNSYGR[Harg],2,0,b16+1;b8+1;y7+1;y6+1;y8+1
CES1,EGYLQIGANTQAAQK[Hlys],2,0,y12+1;b3+1;y5+1;y7+1;b6+1
CES1,AGQLLSELFTNR[Harg],2,0,y9+1;y10+1;b3+1;y11+1;b9+1
CTLA4,AMDTGLYIC[Carb]K[Hlys],2,0,y8+1;y4+1;y5+1;y6+1;y7+1
CTLA4,AQLNLATR[Harg],2,0,y6+1;y5+1;y4+1;b5+1;b3+1
CUL3,YVNSIWDLLK[Hlys],2,0,y8+1;y5+1;y4+1;y7+1;y3+1
CUL3,INEEIER[Harg],2,0,y6+1;y5+1;b4+1;y4+1;y3+1
CUL3,FLLESFNNDR[Harg],2,0,y8+1;y6+1;y7+1;y5+1;y4+1
CYP4F11,VLAWTYTFYDNC[Carb]R[Harg],2,0,y11+1;y10+1;y9+1;y5+1;y8+1
CYP4F11,TLTQLVTTYPQGFK[Hlys],2,0,y8+1;y11+1;y12+1;y9+1;b5+1
CYP4F11,FDQENIK[Hlys],2,0,y6+1;b5+1;b6+1;y5+1;b3+1
DHFR,EPPQGAHFLSR[Harg],2,0,y9+1;y7+1;y5+1;y8+1;y4+1
DHFR,NGDLPWPPLR[Harg],2,0,y6+1;y5+1;b3+1;b6+1;y7+1
DHFR,LLPEYPGVLSDVQEEK[Hlys],2,0,y4+1;b5+1;y13+1;y12+1;y10+1
DNAJB4,DGSNIIYTAK[Hlys],2,0,y5+1;y4+1;b5+1;y6+1;y7+1
DNAJB4,EIYDQFGEEGLK[Hlys],2,0,y8+1;y9+1;y5+1;y11+1;b5+1
DNAJB4,EVAEAYEVLSDPK[Hlys],2,0,y10+1;y11+1;b5+1;y5+1;y9+1
E6,DLC[Carb]IVYR[Harg],2,0,y5+1;y4+1;y3+1;b3+1;y6+1
E6,EVYDFAFR[Harg],2,0,y4+1;y6+1;y5+1;y3+1;y7+1
E6,TAMFQDPQER[Harg],2,0,y4+1;y7+1;y6+1;y8+1;y5+1
E7,AHYNIVTFC[Carb]C[Carb]K[Hlys],2,0,y5+1;y4+1;y6+1;y8+1;b3+1
E7,LC[Carb]VQSTHVDIR[Harg],3,0,y7+1;y8+1;y5+1;y6+1;y4+1
EGFR,DSLSINATNIK[Hlys],2,0,y8+1;y6+1;y7+1;y4+1;y5+1
EGFR,IPLENLQIIR[Harg],2,0,b8+1;y8+1;y7+1;y9+1;y6+1
EGFR,YLVIQGDER[Harg],2,0,y7+1;y6+1;y5+1;b4+1;y8+1
EPHX1,FSTWTNTEFR[Harg],2,0,y6+1;y7+1;y8+1;y5+1;y9+1
EPHX1,DVELLYPVK[Hlys],2,0,y4+1;b5+1;y7+1;b3+1;y6+1
FECH,AESLNGNPLFSK[Hlys],2,0,y8+1;y10+1;y7+1;y9+1;b3+1
FECH,LEYC[Carb]NPYR[Harg],2,0,y6+1;y5+1;y7+1;y4+1;b4+1
FOXP3,WAILEAPEK[Hlys],2,0,y3+1;y4+1;y6+1;y7+1;y8+1
FOXP3,TLNEIYHWFTR[Harg],2,0,y6+1;y9+1;b7+1;y5+1;y7+1
FOXP3,GAVWTVDELEFR[Harg],2,0,y9+1;y8+1;y7+1;y10+1;y6+1
G6PD,DGLLPENTFIVGYAR[Harg],3,0,y6+1;y5+1;b3+1;b9+1;y4+1
G6PD,IFGPIWNR[Harg],2,0,y6+1;y7+1;y3+1;y5+1;y4+1
G6PD,LEDFFAR[Harg],2,0,y5+1;y4+1;y6+1;y3+1;b3+1
GAPDH,VGVNGFGR[Harg],2,0,y7+1;y5+1;y4+1;y6+1;b5+1
GAPDH,GALQNIIPASTGAAK[Hlys],2,0,y5+1;y11+1;y12+1;b3+1;b5+1
GAPDH,VIPELNGKLTGMAFR[Harg],3,0,y9+1;y10+1;y8+1;y3+1;y12+1
GAPDH,VKVGVNGFGR[Harg],3,0,b5+1;y7+1;y5+1;y4+1;y8+1
GAPDH,AVGKVIPELNGK[Hlys],3,0,y7+1;b5+1;y5+1;b4+1;y6+1
GAPDH,VIPELNGK[Hlys],2,0,b6+1;y5+1;y6+1;y4+1;y3+1
GAPDH,LISWYDNEFGYSNR[Harg],2,0,y4+1;y12+1;y5+1;y6+1;y13+1
GCLC,VVINVPIFK[Hlys],2,0,b5+1;y7+1;y6+1;y5+1;y8+1
GCLC,DPLTLFEEK[Hlys],2,0,y6+1;y5+1;y7+1;b6+1;y4+1
GCLC,VLETLQEK[Hlys],2,0,y6+1;y5+1;y7+1;y4+1;b4+1
GCLM,TLNEWSSQINPDLVR[Harg],2,0,b5+1;y6+1;y13+1;y9+1;y7+1
GCLM,LFIVESNSSSSTR[Harg],2,0,b4+1;y12+1;y11+1;y5+1;b3+1
GPX4,EFAAGYNVK[Hlys],2,0,y5+1;y6+1;y7+1;y3+1;y4+1
GPX4,ILAFPC[Carb]NQFGK[Hlys],2,0,y8+1;b3+1;y10+1;y9+1;y7+1
GPX4,TEVNYTQLVDLHAR[Harg],3,0,y8+1;b7+1;y9+1;y7+1;y11+1
GSR,LGGTC[Carb]VNVGC[Carb]VPK[Hlys],2,0,y10+1;b10+1;y11+1;y12+1;y9+1
GSR,LNAIYQNNLTK[Hlys],2,0,y8+1;b3+1;y10+1;y9+1;y7+1
GSR,ALLTPVAIAAGR[Harg],2,0,b11+1;y9+1;y11+1;b3+1;y6+1
GSTA4,YFPVFEK[Hlys],2,0,b4+1;y5+1;y4+1;y6+1;y3+1
GSTA4,SILHYIADK[Hlys],2,0,b7+1;y7+1;b8+1;b6+1;y6+1
GSTM1,PMILGYWDIR[Harg],2,0,y7+1;y8+1;y6+1;y9+1;b3+1
GSTM1,RPWFAGNK[Hlys],2,0,y5+1;b4+1;b3+1;y4+1;y3+1
GSTM3,FSWFAGEK[Hlys],2,0,y5+1;b3+1;y4+1;y7+1;y6+1
GSTM3,YTC[Carb]GEAPDYDR[Harg],2,0,y6+1;y9+1;y10+1;y7+1;y4+1
GSTM4,SMTLGYWDIR[Harg],2,0,y6+1;y8+1;y7+1;b3+1;y5+1
GSTM4,VAVWGNK[Hlys],2,0,b5+1;y4+1;y6+1;y5+1;b4+1
GSTM4,VC[Carb]YSPDFEK[Hlys],2,0,b6+1;y7+1;y6+1;y4+1;y8+1
GSTM1|GSTM2|GSTM3,C[Carb]LDAFPNLK[Hlys],2,0,b5+1;y7+1;y3+1;y5+1;y6+1
HMOX1,TEPELLVAHAYTR[Harg],2,0,y9+1;y8+1;y10+1;y4+1;b5+1
HMOX1,YLGDLSGGQVLK[Hlys],2,0,y4+1;y9+1;y10+1;y8+1;y5+1
HMOX1,AALEQDLAFWYGPR[Harg],2,0,y9+1;y10+1;y8+1;y7+1;y3+1
HTATIP2,SSNFLYLQVK[Hlys],2,0,y5+1;y6+1;b5+1;y7+1;y4+1
HTATIP2,NVNQEVVDFEK[Hlys],2,0,y5+1;b5+1;y9+1;y6+1;y4+1
HTATIP2,AGAEGFVR[Harg],2,0,b6+1;y5+1;y7+1;y6+1;y4+1
IDH1,ATDFVVPGPGK[Hlys],2,0,b6+1;y7+1;b5+1;y6+1;b3+1
IDH1,SEGGFIWAC[Carb]K[Hlys],2,0,y4+1;b5+1;y8+1;y5+1;y7+1
IDH1,GLPNVQR[Harg],2,0,y4+1;y5+1;b5+1;y3+1;b3+1
KEAP1,VVLASSSPVFK[Hlys],2,0,y10+1;y9+1;y8+1;y6+1;y7+1
KEAP1,LADLQVPR[Harg],2,0,b5+1;b7+1;y6+1;y7+1;b6+1
KEAP1,IGVGVAVLNR[Harg],2,0,y7+1;b7+1;y9+1;y5+1;y6+1
LDHA,FIIPNVVK[Hlys],2,0,b5+1;y6+1;y4+1;y5+1;y7+1
LDHA,DQLIYNLLK[Hlys],2,0,y6+1;b7+1;y7+1;b3+1;y5+1
MAFG,VAATSVITIVK[Hlys],2,0,y10+1;y8+1;y5+1;y9+1;y6+1
MAFG,GPLAAGLGPLVPGK[Hlys],2,0,b10+1;y4+1;y6+1;y12+1;b9+1
MAFG,AELQQEVEK[Hlys],2,0,y7+1;b6+1;y6+1;y5+1;b5+1
MAP1B,AIGNIELGIR[Harg],2,0,b5+1;b9+1;b7+1;y6+1;y7+1
MAP1B,SVGNTIDPVILFQK[Hlys],2,0,y10+1;y11+1;b9+1;y7+1;y8+1
MAP2,GGQVQIVTK[Hlys],2,0,b6+1;y6+1;b3+1;b7+1;y5+1
MAP2,DQGGAGEGLVR[Harg],2,0,y9+1;y6+1;y8+1;y4+1;y7+1
ME1,TATVYPEPQNK[Hlys],2,0,y5+1;y6+1;y7+1;b3+1;y9+1
ME1,DLAFTLEER[Harg],2,0,y7+1;y6+1;y5+1;y4+1;b3+1
ME1,AIVVTDGER[Harg],2,0,y3+1;b8+1;y4+1;y7+1;y6+1
MGST1,IYHTIAYLTPLPQPNR[Harg],3,0,b7+1;b8+1;y6+1;y5+1;y4+1
MGST1,VFANPEDC[Carb]VAFGK[Hlys],2,0,y12+1;b8+1;y7+1;y10+1;b3+1
MYC,LISEEDLLR[Harg],2,0,y7+1;y5+1;y6+1;y8+1;b7+1
MYC,DQIPELENNEK[Hlys],2,0,y8+1;y6+1;b5+1;y7+1;y5+1
MYC,PLNVSFTNR[Harg],2,0,y7+1;y5+1;y8+1;b3+1;y6+1
NAMPT,AVPEGFVIPR[Harg],2,0,y6+1;y7+1;y8+1;y5+1;y4+1
NAMPT,YDGHLPIEIK[Hlys],2,0,b7+1;b4+1;y3+1;y8+1;y5+1
NDUFAF3,IEIVVVGTGDR[Harg],2,0,y8+1;y9+1;b8+1;y10+1;y7+1
NDUFAF3,LQSQVLQAMR[Harg],2,0,y8+1;y5+1;y6+1;y7+1;b5+1
NDUFAF3,LSPADDELYQR[Harg],2,0,y9+1;y8+1;y10+1;y7+1;y6+1
NDUFAF4,ISIVEALTLLNNHK[Hlys],3,0,y9+1;y7+1;y10+1;y5+1;y4+1
NDUFAF4,IMQEYQLEQK[Hlys],2,0,y7+1;y6+1;y8+1;b5+1;y9+1
NDUFAF4,EQISLYPEVK[Hlys],2,0,y4+1;y7+1;y5+1;y8+1;y6+1
NFE2L2,LENIVELEQDLDHLK[Hlys],3,0,b3+1;y11+1;y12+1;y5+1;b7+1
NFE2L2,QDIDLGVSR[Harg],2,0,y6+1;y5+1;y7+1;b8+1;y8+1
NFE2L2,ALHIPFPVEK[Hlys],2,0,b3+1;y5+1;y6+1;y3+1;y7+1
NFE2L2,EVFDFSQR[Harg],2,0,y4+1;y6+1;y5+1;b4+1;y7+1
NFE2L2,EQFNEAQLALIR[Harg],2,0,y8+1;y5+1;y10+1;y7+1;y9+1
NQO1,IQILEGWK[Hlys],2,0,y6+1;y3+1;y5+1;y4+1;y7+1
NQO1,EGHLSPDIVAEQK[Hlys],3,0,b7+1;b3+1;b5+1;b4+1;y7+1
NR2F6,AQVALTEYVR[Harg],2,0,y8+1;y7+1;y6+1;y5+1;b3+1
NR2F6,LLFSTVEWAR[Harg],2,0,y8+1;y7+1;y6+1;y4+1;y5+1
PGD,AGQAVDDFIEK[Hlys],2,0,y7+1;y9+1;b3+1;y8+1;y5+1
PGD,TIFQGIAAK[Hlys],2,0,y7+1;y5+1;b3+1;y6+1;y4+1
PGD,VDDFLANEAK[Hlys],2,0,y5+1;y6+1;b3+1;y9+1;y8+1
PIK3CA,LINLTDILK[Hlys],2,0,y7+1;b6+1;y6+1;y4+1;y8+1
PIK3CA,YEQYLDNLLVR[Harg],2,0,y9+1;b8+1;y8+1;y7+1;y10+1
PIR,VTLSVLSR[Harg],2,0,y5+1;y6+1;y7+1;b5+1;y4+1
PIR,TPTLYLDFK[Hlys],2,0,y7+1;b7+1;y6+1;b5+1;y5+1
PRDX1,ADEGISFR[Harg],2,0,y5+1;y3+1;y6+1;y4+1;y7+1
PRDX1,LVQAFQFTDK[Hlys],2,0,y4+1;y7+1;y6+1;y8+1;b4+1
PRDX1,TIAQDYGVLK[Hlys],2,0,y8+1;y5+1;y6+1;y4+1;y7+1
PSAT1,FGVIFAGAQK[Hlys],2,0,y6+1;y7+1;y5+1;b4+1;b3+1
PSAT1,IINNTENLVR[Harg],2,0,y8+1;y7+1;b7+1;y6+1;y5+1
PSAT1,DDLLGFALR[Harg],2,0,y5+1;y6+1;b3+1;y4+1;y7+1
PTGR1,IAIC[Carb]GAISTYNR[Harg],2,0,y11+1;b11+1;y8+1;y9+1;b3+1
PTGR1,TVESLEETLK[Hlys],2,0,y8+1;y7+1;y3+1;y5+1;y4+1
SHMT2,VLELVSITANK[Hlys],2,0,b4+1;y7+1;y3+1;y10+1;y6+1
SHMT2,LGAPALTSR[Harg],2,0,y6+1;b7+1;y8+1;y5+1;y4+1
SLC7A11,GGYLQGNVNGR[Harg],2,0,y6+1;y7+1;b3+1;y8+1;b4+1
SLC7A11,IQIFLTFC[Carb]K[Hlys],2,0,y4+1;y6+1;y7+1;b4+1;y5+1
SLC7A11,LPSLGNK[Hlys],2,0,y5+1;y3+1;y4+1;y6+1;b3+1
SOX2,APC[Carb]QAGDLR[Harg],2,0,y7+1;b7+1;y6+1;y5+1;b3+1
SOX2,LLSETEK[Hlys],2,0,y5+1;y3+1;y6+1;y4+1;b3+1
SQSTM1,DHRPPC[Carb]AQEAPR[Harg],3,0,y7+1;b7+1;b8+1;y8+1;b3+1
SQSTM1,NYDIGAALDTIQYSK[Hlys],2,0,b3+1;y4+1;y5+1;y8+1;y7+1
SRXN1,YAAYQQLQR[Harg],2,0,y7+1;y6+1;y5+1;y8+1;b5+1
SRXN1,LVQSTLSDLR[Harg],2,0,y7+1;y8+1;b5+1;y6+1;y5+1
TALDO1,LLGELLQDNAK[Hlys],2,0,y10+1;y8+1;y9+1;y7+1;y6+1
TALDO1,MESALDQLK[Hlys],2,0,y7+1;y8+1;y4+1;y5+1;y6+1
TALDO1,LSSTWEGIQAGK[Hlys],2,0,y6+1;y10+1;y7+1;b5+1;y9+1
TKT,DAIAQAVR[Harg],2,0,y5+1;y4+1;y6+1;b4+1;b3+1
TKT,LDNLVAILDINR[Harg],2,0,y7+1;y8+1;b3+1;y6+1;y3+1
TKT,AVELAANTK[Hlys],2,0,y5+1;y7+1;y4+1;y6+1;y3+1
TNFRSF4,LPPDAHKPPGGGSFR[Harg],4,0,y8+1;y7+1;y6+1;y5+1;y4+1
TNFRSF4,PPGGGSFR[Harg],2,0,b7+1;y7+1;y6+1;y5+1;y4+1
TNFRSF4,EC[Carb]QPGHGMVSR[Harg],3,0,y5+1;y7+1;y4+1;b3+1;y6+1
TNFRSF4,TPIQEEHTDAHFTLAK[Hlys],3,0,y9+1;y8+1;y10+1;y11+1;y12+1
TP53,ELNEALELK[Hlys],2,0,y7+1;b6+1;y5+1;y6+1;b5+1
TP53,VEYLDDR[Harg],2,0,y5+1;y6+1;y4+1;y3+1;b3+1
TP53,TYQGSYGFR[Harg],2,0,y7+1;y6+1;b3+1;y5+1;y4+1
TP63,FVETPAHFSWK[Hlys],3,0,y5+1;y7+1;b7+1;y6+1;y4+1
TP63,SPDDELLYLPVR[Harg],2,0,y9+1;b9+1;b11+1;b3+1;y6+1
TP73,VSTPPPPGTAIR[Harg],2,0,y9+1;y10+1;y11+1;y8+1;y7+1
TP73,SATWTYSPLLK[Hlys],2,0,y7+1;y4+1;b3+1;y6+1;y5+1
TRIM16,EAELQC[Carb]TQLDLER[Harg],2,0,y10+1;y11+1;y9+1;b6+1;b3+1
TRIM16,EVLC[Carb]DFC[Carb]LDDTR[Harg],2,0,y9+1;y10+1;y8+1;y7+1;y4+1
TXN,VGEFSGANK[Hlys],2,0,y8+1;y5+1;y6+1;b4+1;y7+1
TXNRD1,IGLETVGVK[Hlys],2,0,y8+1;y4+1;y6+1;y5+1;b4+1
TXNRD1,VELTPVAIQAGR[Harg],2,0,y10+1;y8+1;b5+1;y11+1;y9+1
UCHL1,LGVAGQWR[Harg],2,0,y5+1;y7+1;y4+1;y6+1;b3+1
UCHL1,FSAVALC[Carb]K[Hlys],2,0,y4+1;y3+1;y7+1;y6+1;y5+1
UGDH,LAANAFLAQR[Harg],2,0,y4+1;b9+1;y6+1;y8+1;y7+1
UGDH,VLIGGDETPEGQR[Harg],2,0,b4+1;y4+1;y8+1;y12+1;y10+1
ZNF746,LLSLEGR[Harg],2,0,y5+1;y6+1;y3+1;y4+1;b3+1
ZNF746,GQPLPTPPAPPDPFK[Hlys],2,0,y13+1;y10+1;y4+1;y5+1;y7+1
