proteinNames	sequence	precursor_mz	names
SQSTM1	DHRPPC[Carb]AQEAPR[Harg]	481.89767	"[""b9+2"", ""y5+1"", ""y10+2"", ""b6+1"", ""y11+2"", ""b9+1""]"
TNFRSF4	EC[Carb]QPGHGMVSR[Harg]	423.1897	"[""y7+2"", ""y8+2"", ""y4+1"", ""y5+1"", ""y7+1"", ""y8+1""]"
CD8A	AAEGLDTQR[Harg]	485.74503	"[""y6+1"", ""y5+2"", ""y7+1"", ""b4+1"", ""y4+1"", ""y8+1""]"
TNFRSF4	PPGGGSFR[Harg]	392.70242	"[""y6+1"", ""b7+1"", ""y5+1"", ""y7+1"", ""b4+2"", ""y4+1""]"
SOX2	APC[Carb]QAGDLR[Harg]	499.2416	"[""y6+1"", ""y5+1"", ""b5+1"", ""y7+1"", ""y8+1"", ""y8+2""]"
SOX2	LLSETEK[Hlys]	414.23364	"[""y5+1"", ""y3+1"", ""y6+1"", ""y4+1"", ""b3+1""]"
TXN	VGEFSGANK[Hlys]	458.73438	"[""y8+1"", ""y4+1"", ""y6+1"", ""y3+1"", ""y7+1"", ""b3+1""]"
CD279	VTQLPNGR[Harg]	447.7552	"[""y3+1"", ""y4+1"", ""y6+1"", ""y7+1"", ""b4+1"", ""b3+1""]"
CCL5	QVC[Carb]AMPEK[Hlys]	485.73242	"[""b4+1"", ""y6+1"", ""y4+1"", ""y5+1"", ""y7+1"", ""b7+1""]"
CUL3	INEEIER[Harg]	456.73666	"[""y6+1"", ""y5+1"", ""y3+1"", ""y4+1"", ""b3+1"", ""y3+2""]"
TKT	AVELAANTK[Hlys]	462.76562	"[""y4+1"", ""y7+1"", ""y3+1"", ""y6+1"", ""b7+2"", ""y5+2""]"
CYP4F11	FDQENIK[Hlys]	451.22888	"[""y6+1"", ""b5+1"", ""b6+1"", ""y5+1"", ""b3+1"", ""y3+1""]"
MAFG	AELQQEVEK[Hlys]	541.2844	"[""y6+1"", ""b5+1"", ""y5+1"", ""y4+1"", ""b8+2"", ""b3+1""]"
MAP2	GGQVQIVTK[Hlys]	469.2815	"[""y3+1"", ""y5+1"", ""b3+1"", ""b5+1"", ""y4+1"", ""y5+2""]"
CABYR	LAQLEENAK[Hlys]	512.2817	"[""y4+1"", ""y7+2"", ""y8+1"", ""y6+2"", ""y3+1"", ""y6+1""]"
CD274	LQDAGVYR[Harg]	466.2472	"[""y6+1"", ""y5+1"", ""y4+1"", ""y7+1"", ""b3+1"", ""y3+2""]"
BLVRB	LQAVTDDHIR[Harg]	393.21146	"[""y4+1"", ""b3+1"", ""y6+2"", ""y3+1"", ""y5+1"", ""y6+1""]"
IDH1	GLPNVQR[Harg]	397.23138	"[""b5+1"", ""y4+1"", ""y5+2"", ""y5+1"", ""b3+1"", ""y3+2""]"
ME1	TATVYPEPQNK[Hlys]	628.32404	"[""y7+2"", ""y5+1"", ""y6+1"", ""b3+1"", ""b6+1"", ""y9+1""]"
HTATIP2	AGAEGFVR[Harg]	408.7155	"[""y3+1"", ""y5+1"", ""y7+1"", ""y6+1"", ""y4+2"", ""b3+1""]"
GSTM3	YTC[Carb]GEAPDYDR[Harg]	678.7736	"[""y9+2"", ""y8+1"", ""y9+1"", ""y5+1"", ""y3+1"", ""y7+1""]"
ME1	AIVVTDGER[Harg]	485.2656	"[""y3+1"", ""b8+1"", ""y4+1"", ""y7+1"", ""y6+1"", ""b3+1""]"
AKR1C3	AIDGLDR[Harg]	385.20752	"[""y3+1"", ""y5+1"", ""y4+1"", ""b6+1"", ""b3+1"", ""y6+1""]"
CBR3	VALVTGANR[Harg]	455.77084	"[""y4+1"", ""y6+1"", ""y7+1"", ""b4+1"", ""y8+1"", ""y5+2""]"
SLC7A11	GGYLQGNVNGR[Harg]	572.7903	"[""y5+1"", ""y6+1"", ""b3+1"", ""y8+1"", ""y7+2"", ""y4+1""]"
TKT	DAIAQAVR[Harg]	427.24194	"[""y5+1"", ""b4+1"", ""y6+1"", ""y3+1"", ""y4+2"", ""b3+1""]"
MAP2	DQGGAGEGLVR[Harg]	534.76904	"[""y9+1"", ""y6+1"", ""y8+1"", ""y4+1"", ""y7+1"", ""y5+1""]"
GSTM1	RPWFAGNK[Hlys]	492.26868	"[""y7+2"", ""y5+1"", ""y3+1"", ""b6+2"", ""b4+2"", ""b4+1""]"
ADD2	VNVADEVQR[Harg]	520.2739	"[""y4+1"", ""b7+1"", ""y7+1"", ""y6+1"", ""y5+1"", ""y8+1""]"
ABHD4	YVSLPNQNK[Hlys]	535.7896	"[""b4+1"", ""y7+1"", ""y5+2"", ""y3+1"", ""y5+1"", ""y6+2""]"
AKR1B1	LLLNNGAK[Hlys]	425.7655	"[""y5+1"", ""y4+1"", ""y7+2"", ""b6+1"", ""y6+2"", ""y3+1""]"
SLC7A11	LPSLGNK[Hlys]	368.72577	"[""y4+1"", ""y6+2"", ""y3+1"", ""y5+1"", ""y6+1"", ""b4+2""]"
GCLC	VLETLQEK[Hlys]	484.28113	"[""y6+1"", ""y5+1"", ""y7+1"", ""y4+1"", ""b4+1"", ""b3+1""]"
CTLA4	AQLNLATR[Harg]	448.76303	"[""y6+1"", ""y5+1"", ""y4+1"", ""b5+1"", ""b3+1"", ""y3+1""]"
GSTM4	VAVWGNK[Hlys]	391.22595	"[""y3+1"", ""y5+2"", ""y6+1"", ""b5+1"", ""b3+1"", ""y4+2""]"
BAG2	IIDEVVNK[Hlys]	469.27588	"[""b4+1"", ""y3+1"", ""y6+1"", ""y7+2"", ""y4+1"", ""b3+1""]"
DHFR	EPPQGAHFLSR[Harg]	416.88345	"[""y3+1"", ""y10+2"", ""y6+2"", ""y7+2"", ""y8+2"", ""y6+1""]"
AKR1B10	VAIDAGYR[Harg]	437.73645	"[""y3+1"", ""y4+1"", ""y5+1"", ""y6+1"", ""y7+2"", ""y7+1""]"
TP53	VEYLDDR[Harg]	460.22336	"[""y5+1"", ""y6+1"", ""y3+1"", ""b3+1"", ""y4+2"", ""y4+1""]"
AKR1D1	VAIDTGYR[Harg]	452.74176	"[""y4+1"", ""y5+1"", ""y6+1"", ""y7+1"", ""y3+1""]"
GAPDH	VKVGVNGFGR[Harg]	348.2059	"[""b5+1"", ""y7+1"", ""y5+1"", ""y3+1"", ""y8+1"", ""b3+1""]"
GAPDH	VGVNGFGR[Harg]	408.22354	"[""y7+1"", ""y4+1"", ""b5+1"", ""y6+1"", ""b4+1"", ""b3+1""]"
SRXN1	YAAYQQLQR[Harg]	575.7976	"[""y7+1"", ""b4+2"", ""b3+1"", ""y5+1"", ""b4+1"", ""y8+1""]"
TP73	VSTPPPPGTAIR[Harg]	601.842	"[""y8+1"", ""y6+1"", ""y9+1"", ""y7+1"", ""y10+1"", ""y11+1""]"
NQO1	EGHLSPDIVAEQK[Hlys]	477.58365	"[""y6+1"", ""y5+2"", ""b8+2"", ""b3+1"", ""b7+1"", ""b6+2""]"
SHMT2	LGAPALTSR[Harg]	448.2654	"[""y4+1"", ""b5+1"", ""y8+1"", ""y7+2"", ""y5+1"", ""b4+1""]"
AKR1B10	TAAQVLIR[Harg]	441.27576	"[""y5+1"", ""y3+1"", ""b5+1"", ""y6+2"", ""y7+1"", ""y3+2""]"
CCL5	EYFYTSGK[Hlys]	501.73657	"[""y6+2"", ""y3+1"", ""y4+1"", ""y5+1"", ""y7+1"", ""y6+1""]"
GAPDH	VIPELNGK[Hlys]	439.26526	"[""y6+1"", ""y4+1"", ""b6+1"", ""y5+1"", ""b6+2"", ""y3+1""]"
GPX4	EFAAGYNVK[Hlys]	503.7578	"[""y5+1"", ""y6+1"", ""y7+1"", ""y3+1"", ""y4+1"", ""b3+1""]"
TP53	TYQGSYGFR[Harg]	544.7554	"[""y6+1"", ""y5+1"", ""y3+1"", ""y4+1"", ""b3+1"", ""y8+1""]"
E7	LC[Carb]VQSTHVDIR[Harg]	446.56717	"[""y10+2"", ""y6+1"", ""y7+2"", ""y4+1"", ""y3+1"", ""y6+2""]"
AKR1D1	TAAQIVLR[Harg]	441.27576	"[""y6+1"", ""b5+1"", ""y4+1"", ""b4+1"", ""y7+1"", ""y3+2""]"
E6	TAMFQDPQER[Harg]	616.7838	"[""b4+1"", ""y6+1"", ""y5+1"", ""y4+1"", ""y8+1"", ""y4+2""]"
PRDX1	ADEGISFR[Harg]	452.72357	"[""y5+1"", ""b7+2"", ""y6+1"", ""y3+2"", ""y4+2"", ""y7+1""]"
UGDH	VLIGGDETPEGQR[Harg]	690.8533	"[""y3+1"", ""b4+1"", ""y4+1"", ""y7+1"", ""y10+1"", ""y12+1""]"
GAPDH	AVGKVIPELNGK[Hlys]	616.8762	"[""y6+1"", ""y7+1"", ""b4+1"", ""b8+1"", ""b5+1"", ""y10+2""]"
FECH	LEYC[Carb]NPYR[Harg]	562.7571	"[""y5+1"", ""y4+1"", ""y7+1"", ""b3+1"", ""y3+1"", ""b4+1""]"
PSAT1	IINNTENLVR[Harg]	598.3371	"[""y7+1"", ""b7+1"", ""y5+1"", ""y4+1"", ""y8+2"", ""y9+1""]"
TNFRSF4	TPIQEEHTDAHFTLAK[Hlys]	462.236	"[""b11+2"", ""y5+1"", ""b10+1"", ""y10+2"", ""y7+2"", ""y4+1""]"
DNAJB4	DGSNIIYTAK[Hlys]	545.287	"[""y5+1"", ""y4+1"", ""b5+1"", ""y6+1"", ""y7+1"", ""y3+1""]"
CD279	LAAFPEDR[Harg]	464.74173	"[""y3+1"", ""y4+2"", ""b7+1"", ""y7+1"", ""y5+1"", ""b3+1""]"
AKR1D1	SLGVSNFNR[Harg]	502.26337	"[""y7+1"", ""y3+1"", ""b3+1"", ""y5+1"", ""b8+2"", ""y6+2""]"
ABCB6	YYNAESYEVER[Harg]	716.81635	"[""y10+1"", ""y7+1"", ""y8+1"", ""y9+1"", ""y6+1"", ""y4+1""]"
NDUFAF4	IMQEYQLEQK[Hlys]	659.33356	"[""y7+1"", ""b6+1"", ""y8+1"", ""y5+1"", ""y9+1"", ""b5+1""]"
NFE2L2	QDIDLGVSR[Harg]	506.76852	"[""b4+1"", ""y4+1"", ""y6+1"", ""y7+1"", ""y8+1"", ""y7+2""]"
CD279	DFHMSVVR[Harg]	500.74905	"[""b4+1"", ""y4+1"", ""y5+1"", ""b5+1"", ""y6+2"", ""y7+2""]"
UCHL1	FSAVALC[Carb]K[Hlys]	452.24603	"[""y3+1"", ""b3+1"", ""y7+1"", ""y6+1"", ""y4+1"", ""y5+2""]"
GSTM4	VC[Carb]YSPDFEK[Hlys]	576.7597	"[""y8+2"", ""y6+1"", ""y5+1"", ""y3+1"", ""y7+1"", ""b4+1""]"
MYC	DQIPELENNEK[Hlys]	668.82715	"[""y6+1"", ""b5+1"", ""y7+1"", ""y4+1"", ""y5+1"", ""y9+2""]"
EGFR	YLVIQGDER[Harg]	551.792	"[""y7+1"", ""y5+1"", ""y4+1"", ""y3+1"", ""y8+1"", ""y5+2""]"
UCHL1	LGVAGQWR[Harg]	448.75244	"[""y4+1"", ""y7+1"", ""y3+1"", ""y6+1"", ""y3+2"", ""b4+2""]"
ALDH3A1	IQQLEALQR[Harg]	554.82104	"[""y6+1"", ""y5+1"", ""b5+1"", ""b4+1"", ""b4+2"", ""y4+2""]"
CBR3	TNFFATR[Harg]	433.72336	"[""y4+2"", ""y5+1"", ""b3+1"", ""y6+1"", ""y3+2"", ""y4+1""]"
ZNF746	LLSLEGR[Harg]	399.2414	"[""y5+1"", ""y6+1"", ""b3+1"", ""y3+1"", ""y4+2"", ""y4+1""]"
ALDH3A2	LQQLEALR[Harg]	490.79178	"[""b6+1"", ""y4+1"", ""b4+1"", ""b3+1"", ""y6+2"", ""b4+2""]"
AKR1B1	VAIDVGYR[Harg]	451.75214	"[""y3+1"", ""y4+1"", ""y6+1"", ""y7+1"", ""b4+1"", ""y5+2""]"
GSR	LGGTC[Carb]VNVGC[Carb]VPK[Hlys]	684.8463	"[""y9+1"", ""y8+1"", ""y10+1"", ""y11+1"", ""b10+1"", ""b4+1""]"
NDUFAF3	LSPADDELYQR[Harg]	658.8215	"[""y8+1"", ""y7+1"", ""y9+1"", ""y10+1"", ""y6+1"", ""b7+1""]"
GSR	LNAIYQNNLTK[Hlys]	650.361	"[""b8+1"", ""y3+2"", ""y6+1"", ""b7+1"", ""y10+1"", ""y9+1""]"
E7	AHYNIVTFC[Carb]C[Carb]K[Hlys]	474.22458	"[""b5+2"", ""b5+1"", ""y5+1"", ""b3+1"", ""b4+2"", ""y4+1""]"
GSTA4	SILHYIADK[Hlys]	534.30237	"[""y5+1"", ""b6+1"", ""y6+1"", ""b7+1"", ""y8+2"", ""b5+1""]"
KEAP1	LADLQVPR[Harg]	461.27322	"[""b7+2"", ""y6+1"", ""y5+1"", ""y7+1"", ""y4+1"", ""y4+2""]"
TALDO1	MESALDQLK[Hlys]	521.7701	"[""y7+1"", ""y3+1"", ""y8+1"", ""y4+1"", ""y6+1"", ""b3+1""]"
PGD	VDDFLANEAK[Hlys]	565.28436	"[""y5+1"", ""y6+1"", ""b3+1"", ""y9+1"", ""y8+1"", ""b4+1""]"
CES1	EGYLQIGANTQAAQK[Hlys]	800.4145	"[""y12+1"", ""b3+1"", ""b4+1"", ""b13+2"", ""y5+1"", ""y6+1""]"
MYC	PLNVSFTNR[Harg]	529.28687	"[""y7+1"", ""y4+1"", ""y8+1"", ""b3+1"", ""y5+1"", ""b5+1""]"
SRXN1	LVQSTLSDLR[Harg]	571.3262	"[""y5+1"", ""y7+1"", ""y3+1"", ""y4+1"", ""b4+1"", ""y7+2""]"
IDH1	ATDFVVPGPGK[Hlys]	548.29987	"[""y5+1"", ""y6+1"", ""b4+1"", ""y9+2"", ""y5+2"", ""y7+1""]"
NDUFAF3	LQSQVLQAMR[Harg]	592.32825	"[""y8+1"", ""b5+1"", ""y5+1"", ""y6+1"", ""y4+1"", ""b4+1""]"
GCLM	LFIVESNSSSSTR[Harg]	718.8664	"[""y12+1"", ""y4+1"", ""b10+1"", ""b9+2"", ""b3+1"", ""y10+1""]"
PGD	AGQAVDDFIEK[Hlys]	600.8029	"[""y6+1"", ""y9+1"", ""b3+1"", ""y7+1"", ""y4+1"", ""y5+1""]"
TXNRD1	IGLETVGVK[Hlys]	462.28625	"[""y8+1"", ""y7+2"", ""y5+1"", ""y4+1"", ""b8+2"", ""y6+1""]"
HTATIP2	NVNQEVVDFEK[Hlys]	664.8322	"[""y5+1"", ""b5+1"", ""y9+1"", ""y6+1"", ""y4+1"", ""y7+1""]"
EGFR	DSLSINATNIK[Hlys]	592.32404	"[""y8+1"", ""y6+1"", ""y7+1"", ""y4+1"", ""y5+1"", ""b4+1""]"
BAG2	FLDDLGNAK[Hlys]	500.76312	"[""y7+1"", ""y6+1"", ""y5+1"", ""y8+1"", ""b6+1"", ""b4+1""]"
PGD	TIFQGIAAK[Hlys]	478.78638	"[""y6+1"", ""y4+1"", ""b3+1"", ""y5+1"", ""y7+2"", ""y8+1""]"
PRDX1	TIAQDYGVLK[Hlys]	558.3129	"[""y8+1"", ""y4+1"", ""y5+1"", ""y7+2"", ""y6+1"", ""y3+1""]"
PTGR1	TVESLEETLK[Hlys]	578.813	"[""y8+1"", ""y7+1"", ""y4+1"", ""y6+2"", ""y3+1"", ""y5+1""]"
TP53	ELNEALELK[Hlys]	533.7971	"[""y7+1"", ""y5+1"", ""b5+1"", ""y6+1"", ""y4+1"", ""y3+1""]"
CCND1	AEETC[Carb]APSVSYFK[Hlys]	748.8445	"[""y8+1"", ""y10+1"", ""b6+1"", ""y11+1"", ""y10+2"", ""y5+1""]"
CTLA4	AMDTGLYIC[Carb]K[Hlys]	590.28503	"[""y8+1"", ""y4+1"", ""y5+1"", ""y6+1"", ""y7+1"", ""b3+1""]"
HMOX1	TEPELLVAHAYTR[Harg]	503.936	"[""y11+2"", ""b6+1"", ""y9+2"", ""y4+1"", ""y7+1"", ""y9+1""]"
PIR	VTLSVLSR[Harg]	442.7756	"[""b5+1"", ""y5+1"", ""y7+1"", ""y4+2"", ""b3+1"", ""b4+1""]"
AKR1C1|AKR1C2|AKR1C3	LAIEAGFR[Harg]	443.75467	"[""y5+1"", ""y4+1"", ""b3+1"", ""b7+1"", ""y7+1"", ""y3+1""]"
NAMPT	YDGHLPIEIK[Hlys]	596.82623	"[""y5+1"", ""y7+2"", ""y3+1"", ""b6+1"", ""y4+1"", ""b7+1""]"
UGDH	LAANAFLAQR[Harg]	542.8105	"[""b4+1"", ""b9+1"", ""b6+1"", ""y8+1"", ""y6+1"", ""b5+1""]"
KEAP1	VVLASSSPVFK[Hlys]	571.339	"[""y10+1"", ""y9+1"", ""y8+1"", ""y6+1"", ""y7+1"", ""b8+1""]"
NR2F6	AQVALTEYVR[Harg]	580.3209	"[""y8+1"", ""y7+1"", ""y6+1"", ""y5+1"", ""b3+1"", ""b5+1""]"
CCND1	AYPDANLLNDR[Harg]	636.31635	"[""y8+1"", ""y6+1"", ""y7+1"", ""y4+1"", ""y5+1"", ""y9+1""]"
PTGR1	IAIC[Carb]GAISTYNR[Harg]	674.84955	"[""b11+1"", ""y10+1"", ""y6+1"", ""y7+1"", ""y4+2"", ""y9+2""]"
NFE2L2	EVFDFSQR[Harg]	519.24994	"[""y6+2"", ""y5+1"", ""y4+1"", ""y3+1"", ""b6+2"", ""y7+1""]"
TALDO1	LSSTWEGIQAGK[Hlys]	642.8374	"[""b5+1"", ""y9+1"", ""y6+1"", ""b7+2"", ""b10+2"", ""y9+2""]"
FECH	AESLNGNPLFSK[Hlys]	642.8373	"[""y6+1"", ""b9+1"", ""y5+1"", ""y8+1"", ""b3+1"", ""b10+2""]"
E6	DLC[Carb]IVYR[Harg]	474.74597	"[""y4+1"", ""y3+1"", ""y5+2"", ""y3+2"", ""y5+1"", ""b3+1""]"
CCL5	C[Carb]SNPAVVFVTR[Harg]	630.3257	"[""y8+1"", ""y5+1"", ""y6+1"", ""y10+1"", ""y7+1"", ""b6+1""]"
TRIM16	EAELQC[Carb]TQLDLER[Harg]	807.8871	"[""y9+1"", ""y10+1"", ""y8+1"", ""y5+1"", ""b3+1"", ""b5+1""]"
AKR1C2	TPALIALR[Harg]	432.78067	"[""y5+1"", ""b5+1"", ""b4+1"", ""y3+1"", ""y7+2"", ""b6+1""]"
KEAP1	IGVGVAVLNR[Harg]	504.3154	"[""y7+1"", ""y4+1"", ""y9+1"", ""b5+1"", ""b7+1"", ""y8+1""]"
TP63	FVETPAHFSWK[Hlys]	452.89902	"[""y3+1"", ""b7+1"", ""y8+2"", ""y6+1"", ""y6+2"", ""y4+1""]"
CBR1	GIGLAIVR[Harg]	404.76758	"[""y6+1"", ""y4+1"", ""b3+1"", ""b4+1"", ""b4+2"", ""y3+1""]"
ADD2	GNNSSNIWALR[Harg]	621.3167	"[""y5+1"", ""y7+1"", ""y8+1"", ""y6+1"", ""b4+1"", ""y4+1""]"
TXNRD1	VELTPVAIQAGR[Harg]	632.36835	"[""y8+1"", ""y5+1"", ""b8+2"", ""y10+1"", ""y9+1"", ""b7+1""]"
ALDH3A1	LPEWAADEPVEK[Hlys]	696.3502	"[""y8+1"", ""b11+1"", ""y10+1"", ""y9+1"", ""b6+1"", ""b8+1""]"
NDUFAF4	EQISLYPEVK[Hlys]	607.3313	"[""y4+1"", ""y7+1"", ""y5+1"", ""y8+1"", ""y6+1"", ""b4+1""]"
NDUFAF3	IEIVVVGTGDR[Harg]	584.334	"[""b8+1"", ""y9+1"", ""y7+1"", ""y10+1"", ""y6+1"", ""b3+1""]"
MAFG	VAATSVITIVK[Hlys]	555.3546	"[""y10+1"", ""y8+1"", ""y5+1"", ""y9+1"", ""y6+1"", ""b10+2""]"
GAPDH	GALQNIIPASTGAAK[Hlys]	710.4059	"[""b4+1"", ""y9+1"", ""y11+1"", ""y3+1"", ""y5+1"", ""b10+2""]"
DNAJB4	EVAEAYEVLSDPK[Hlys]	729.3661	"[""y10+1"", ""y11+1"", ""b5+1"", ""y5+1"", ""y9+1"", ""y8+1""]"
CABYR	LVVPYGLK[Hlys]	448.7884	"[""y4+1"", ""b6+1"", ""y3+1"", ""y6+2"", ""y5+1"", ""y7+1""]"
ALDH3A2	ILSLLEGQK[Hlys]	504.81262	"[""y7+1"", ""y3+1"", ""y4+1"", ""b4+1"", ""y8+1"", ""y5+2""]"
G6PD	LEDFFAR[Harg]	454.23102	"[""y5+1"", ""y3+1"", ""y6+1"", ""b3+1"", ""y4+2"", ""y4+1""]"
EPHX1	FSTWTNTEFR[Harg]	649.8056	"[""y4+1"", ""y6+1"", ""y8+1"", ""y7+2"", ""y9+1"", ""y3+1""]"
HMOX1	YLGDLSGGQVLK[Hlys]	629.3501	"[""b4+1"", ""y9+1"", ""y10+1"", ""y8+1"", ""y4+1"", ""y11+1""]"
MGST1	VFANPEDC[Carb]VAFGK[Hlys]	731.3497	"[""y11+1"", ""y12+1"", ""y7+1"", ""y6+1"", ""y9+1"", ""y9+2""]"
CD274	LFNVTSTLR[Harg]	530.80493	"[""y6+1"", ""b5+1"", ""y5+1"", ""y7+1"", ""y4+1"", ""b3+1""]"
PRDX1	LVQAFQFTDK[Hlys]	602.82623	"[""y7+1"", ""b4+1"", ""y5+1"", ""y8+1"", ""y6+2"", ""y4+1""]"
IDH1	SEGGFIWAC[Carb]K[Hlys]	581.77563	"[""b5+1"", ""y3+1"", ""y8+1"", ""y4+1"", ""y7+1"", ""y6+1""]"
PSAT1	FGVIFAGAQK[Hlys]	523.2997	"[""y5+1"", ""y7+1"", ""b4+1"", ""y4+1"", ""b3+1"", ""y9+1""]"
GSTA4	YFPVFEK[Hlys]	469.24908	"[""b6+2"", ""y3+1"", ""b3+1"", ""y4+1"", ""y5+1"", ""y6+1""]"
GSTM1|GSTM2|GSTM3	C[Carb]LDAFPNLK[Hlys]	543.2806	"[""y4+1"", ""y7+1"", ""b3+2"", ""b5+1"", ""y5+1"", ""b4+1""]"
GPX4	TEVNYTQLVDLHAR[Harg]	556.9575	"[""y10+2"", ""y11+2"", ""y9+2"", ""y6+1"", ""y10+1"", ""y8+1""]"
NFE2L2	ALHIPFPVEK[Hlys]	386.89685	"[""b3+2"", ""y4+1"", ""b6+1"", ""y4+2"", ""b4+1"", ""b5+1""]"
TNFRSF4	LPPDAHKPPGGGSFR[Harg]	386.4567	"[""b6+2"", ""y3+1"", ""b4+2"", ""y7+2"", ""y3+2""]"
DNAJB4	EIYDQFGEEGLK[Hlys]	718.3452	"[""b6+1"", ""y8+1"", ""b4+1"", ""y11+1"", ""y6+1"", ""b5+1""]"
MYC	LISEEDLLR[Harg]	549.30743	"[""y7+1"", ""y5+1"", ""y6+1"", ""y8+1"", ""b7+1"", ""b6+1""]"
MAP1B	AIGNIELGIR[Harg]	533.3182	"[""b7+2"", ""y8+1"", ""y9+2"", ""b5+1"", ""y5+1"", ""y7+1""]"
FOXP3	WAILEAPEK[Hlys]	532.79694	"[""y3+1"", ""y4+1"", ""y7+1"", ""y6+1"", ""y8+1"", ""y5+1""]"
CDKN2A	LPVDLAEELGHR[Harg]	453.58157	"[""y4+1"", ""b5+1"", ""y6+1"", ""y11+2"", ""b6+1"", ""y9+1""]"
NAMPT	AVPEGFVIPR[Harg]	547.8152	"[""y5+1"", ""y6+1"", ""y7+1"", ""b4+2"", ""y8+1"", ""y3+1""]"
ADD2	VNILGEVVEK[Hlys]	554.3286	"[""y6+1"", ""b7+1"", ""y4+1"", ""y8+1"", ""b3+1"", ""y5+1""]"
TALDO1	LLGELLQDNAK[Hlys]	611.35004	"[""y10+1"", ""y6+1"", ""y8+1"", ""y5+1"", ""b5+1"", ""y4+1""]"
BACH1	EAALSQEQIQILAK[Hlys]	775.43744	"[""b4+1"", ""b3+1"", ""y11+1"", ""y6+1"", ""y8+1"", ""y7+1""]"
CBR3	VVNISSLQC[Carb]LR[Harg]	649.85986	"[""y8+1"", ""y10+1"", ""b3+1"", ""y7+1"", ""y9+1"", ""y5+1""]"
CBR1	LFSGDVVLTAR[Harg]	594.33655	"[""y10+1"", ""y7+1"", ""y9+1"", ""y6+1"", ""y4+1"", ""y5+1""]"
GSTM3	FSWFAGEK[Hlys]	490.24182	"[""y5+1"", ""b3+1"", ""y4+1"", ""y7+1"", ""y6+1"", ""y3+1""]"
CDKN2A	ALLEAGALPNAPNSYGR[Harg]	862.4537	"[""y15+1"", ""b7+1"", ""y13+2"", ""b6+1"", ""y6+1"", ""y11+1""]"
SHMT2	VLELVSITANK[Hlys]	597.8628	"[""y4+1"", ""b6+1"", ""b5+1"", ""y10+1"", ""y7+1"", ""y3+1""]"
MGST1	IYHTIAYLTPLPQPNR[Harg]	636.3519	"[""b5+1"", ""b7+1"", ""b9+2"", ""b3+1"", ""y7+2"", ""b6+1""]"
GPX4	ILAFPC[Carb]NQFGK[Hlys]	651.8413	"[""y6+1"", ""b3+1"", ""y7+1"", ""y10+1"", ""y8+1"", ""y5+1""]"
HTATIP2	SSNFLYLQVK[Hlys]	603.83405	"[""y5+1"", ""y6+1"", ""b5+1"", ""y7+1"", ""y4+1"", ""b3+1""]"
E6	EVYDFAFR[Harg]	528.7549	"[""y4+1"", ""y6+1"", ""y5+1"", ""y3+2"", ""y7+1"", ""y3+1""]"
GSR	ALLTPVAIAAGR[Harg]	581.86273	"[""y9+1"", ""b7+1"", ""b11+1"", ""y5+2"", ""b4+1"", ""y7+1""]"
NQO1	IQILEGWK[Hlys]	497.7942	"[""y6+1"", ""y5+2"", ""y4+1"", ""b3+1"", ""y7+1"", ""y4+2""]"
LDHA	FIIPNVVK[Hlys]	469.3017	"[""y4+1"", ""b5+1"", ""b3+1"", ""b7+2"", ""y7+1"", ""y5+1""]"
ME1	DLAFTLEER[Harg]	552.28394	"[""y7+1"", ""y6+1"", ""y5+1"", ""y4+1"", ""b3+1"", ""y3+1""]"
CUL3	FLLESFNNDR[Harg]	632.8134	"[""y8+1"", ""y5+1"", ""y6+1"", ""b4+1"", ""b8+2"", ""y9+1""]"
ALDH3A2	NVDEAINFINER[Harg]	722.3587	"[""y4+1"", ""y8+1"", ""y10+1"", ""y9+1"", ""y11+1"", ""y7+1""]"
TRIM16	EVLC[Carb]DFC[Carb]LDDTR[Harg]	776.836	"[""y9+1"", ""y7+1"", ""y6+1"", ""y5+1"", ""y3+1"", ""y9+2""]"
G6PD	IFGPIWNR[Harg]	506.78372	"[""y5+1"", ""y7+1"", ""y5+2"", ""y3+1"", ""y6+2"", ""y4+1""]"
NFE2L2	EQFNEAQLALIR[Harg]	721.3873	"[""y8+1"", ""b4+1"", ""y10+1"", ""y7+1"", ""y9+1"", ""b6+1""]"
EPHX1	DVELLYPVK[Hlys]	542.31244	"[""b8+2"", ""y4+1"", ""y7+1"", ""b4+2"", ""y6+1"", ""b5+1""]"
TP73	SATWTYSPLLK[Hlys]	637.84717	"[""y7+1"", ""y4+1"", ""b3+1"", ""y6+1"", ""y5+1"", ""y8+1""]"
MAFG	GPLAAGLGPLVPGK[Hlys]	627.8866	"[""y8+1"", ""y9+2"", ""y11+2"", ""y11+1"", ""y6+1"", ""b10+2""]"
CD4	LTGSGELWWQAER[Harg]	771.8824	"[""y8+1"", ""y6+2"", ""y4+1"", ""y7+1"", ""y10+1"", ""y12+1""]"
GAPDH	VIPELNGKLTGMAFR[Harg]	552.64404	"[""y13+2"", ""y8+1"", ""y6+1"", ""y3+1"", ""y11+1"", ""y10+2""]"
CD8A	TWNLGETVELK[Hlys]	649.3476	"[""y7+1"", ""y9+1"", ""y8+1"", ""y3+1"", ""y5+1"", ""b5+1""]"
PIR	TPTLYLDFK[Hlys]	553.3046	"[""y6+1"", ""y5+1"", ""b7+1"", ""y4+1"", ""b5+1"", ""y7+1""]"
ZNF746	GQPLPTPPAPPDPFK[Hlys]	783.9239	"[""y12+1"", ""y7+1"", ""y13+1"", ""y3+1"", ""y8+2"", ""b7+1""]"
GCLM	TLNEWSSQINPDLVR[Harg]	891.45654	"[""y5+1"", ""b5+1"", ""y13+1"", ""y9+1"", ""y10+1"", ""y7+1""]"
CYP4F11	TLTQLVTTYPQGFK[Hlys]	802.9423	"[""y8+1"", ""y11+1"", ""y12+1"", ""y9+1"", ""b5+1"", ""y10+1""]"
DHFR	NGDLPWPPLR[Harg]	587.8158	"[""y5+1"", ""b4+1"", ""y4+2"", ""y4+1"", ""y6+1"", ""y3+1""]"
EGFR	IPLENLQIIR[Harg]	609.87585	"[""y6+1"", ""y7+1"", ""b6+1"", ""y8+1"", ""y9+1"", ""b5+1""]"
CD273	TPEGLYQVTSVLR[Harg]	736.9028	"[""y10+1"", ""b6+1"", ""y6+1"", ""y9+1"", ""y8+1"", ""b8+1""]"
GCLC	DPLTLFEEK[Hlys]	550.2917	"[""b6+1"", ""y4+1"", ""y6+1"", ""y5+1"", ""b5+1"", ""b3+1""]"
DHFR	LLPEYPGVLSDVQEEK[Hlys]	912.47943	"[""y4+1"", ""y11+2"", ""y13+1"", ""y12+1"", ""y10+1"", ""y9+1""]"
BLVRB	VVAC[Carb]TSAFLLWDPTK[Hlys]	572.63544	"[""y3+1"", ""y5+1"", ""y6+1"", ""y4+1"", ""y7+1""]"
GCLC	VVINVPIFK[Hlys]	518.8359	"[""y7+2"", ""y6+1"", ""y5+1"", ""y4+1"", ""y8+1"", ""y3+1""]"
PIK3CA	YEQYLDNLLVR[Harg]	718.37634	"[""y9+1"", ""b8+1"", ""y8+1"", ""y7+1"", ""y10+1"", ""y3+1""]"
SQSTM1	NYDIGAALDTIQYSK[Hlys]	840.422	"[""b3+1"", ""y4+1"", ""y5+1"", ""y8+1"", ""y7+1"", ""y13+1""]"
AKR1B10	IVENIQVFDFK[Hlys]	680.37354	"[""y5+1"", ""y9+1"", ""b6+1"", ""y6+1"", ""b10+2"", ""y8+1""]"
GSTM4	SMTLGYWDIR[Harg]	626.30695	"[""y6+1"", ""y8+1"", ""y7+1"", ""y4+2"", ""y4+1"", ""b4+1""]"
GAPDH	LISWYDNEFGYSNR[Harg]	887.40894	"[""y4+1"", ""y12+1"", ""y5+1"", ""y6+1"", ""y13+1"", ""y10+1""]"
BAG2	LLESLDQLELR[Harg]	669.8788	"[""y10+1"", ""y9+1"", ""b7+1"", ""y6+1"", ""y7+1"", ""y4+1""]"
ALDH3A1	SLEEAIQFINQR[Harg]	729.3848	"[""y7+1"", ""y8+1"", ""y6+1"", ""y9+1"", ""y10+1"", ""b6+1""]"
FOXP3	TLNEIYHWFTR[Harg]	497.25354	"[""y6+2"", ""y4+1"", ""y7+2"", ""y8+2"", ""b4+1"", ""y10+2""]"
TP63	SPDDELLYLPVR[Harg]	713.8762	"[""y9+1"", ""b9+1"", ""b11+1"", ""b3+1"", ""y11+2"", ""b8+1""]"
NR2F6	LLFSTVEWAR[Harg]	616.3391	"[""y8+1"", ""y7+1"", ""y5+1"", ""y3+1"", ""b4+1"", ""y6+2""]"
CD4	SWITFDLK[Hlys]	509.27838	"[""y6+1"", ""y5+1"", ""b4+1"", ""y4+1"", ""y3+1"", ""y7+1""]"
CES1	AGQLLSELFTNR[Harg]	679.8688	"[""y9+1"", ""y10+1"", ""b5+2"", ""y11+1"", ""y7+1"", ""b9+1""]"
SLC7A11	IQIFLTFC[Carb]K[Hlys]	589.3301	"[""y4+1"", ""y6+1"", ""y7+1"", ""b4+1"", ""y5+1"", ""b3+1""]"
CYP4F11	VLAWTYTFYDNC[Carb]R[Harg]	859.8972	"[""y11+1"", ""y10+1"", ""y9+1"", ""y5+1"", ""y8+1"", ""y7+1""]"
MAP1B	SVGNTIDPVILFQK[Hlys]	769.937	"[""y9+1"", ""y11+1"", ""y7+1"", ""y6+1"", ""b9+1"", ""y12+1""]"
LDHA	DQLIYNLLK[Hlys]	564.3311	"[""y5+1"", ""y6+1"", ""y7+1"", ""b3+1"", ""y4+1"", ""b8+2""]"
FOXP3	GAVWTVDELEFR[Harg]	716.3607	"[""y9+1"", ""y7+1"", ""y6+1"", ""y10+1"", ""y4+1"", ""b5+1""]"
BLVRB	TVAGQDAVIVLLGTR[Harg]	508.29907	"[""y7+1"", ""b9+1"", ""b8+1"", ""y6+1"", ""y8+1"", ""y9+1""]"
NFE2L2	LENIVELEQDLDHLK[Hlys]	605.99084	"[""y5+2"", ""y9+1"", ""y11+1"", ""b4+1"", ""y11+2"", ""y13+2""]"
PSAT1	DDLLGFALR[Harg]	515.28375	"[""y5+1"", ""y6+1"", ""b3+1"", ""y3+1"", ""y3+2"", ""y4+1""]"
ABCB6	ALNVLVPIFYR[Harg]	657.89404	"[""y5+1"", ""y8+1"", ""y7+1"", ""y5+2"", ""y9+1"", ""b3+1""]"
PIK3CA	LINLTDILK[Hlys]	525.83606	"[""y7+1"", ""b6+1"", ""y6+1"", ""y4+1"", ""y8+1"", ""y5+1""]"
CD4	SLWDQGNFPLIIK[Hlys]	769.9266	"[""y7+1"", ""y10+1"", ""y5+1"", ""y11+1"", ""y8+1"", ""y6+1""]"
GSTM1	PMILGYWDIR[Harg]	637.33545	"[""y7+1"", ""y8+1"", ""y6+1"", ""y9+1"", ""b3+1"", ""y5+1""]"
HMOX1	AALEQDLAFWYGPR[Harg]	823.9137	"[""y9+1"", ""y10+1"", ""y11+1"", ""b4+1"", ""y8+1"", ""y7+1""]"
BACH1	GFEPLIQFAYTAK[Hlys]	746.89996	"[""y9+1"", ""y3+1"", ""y8+1"", ""y7+1"", ""y10+1"", ""y5+1""]"
G6PD	DGLLPENTFIVGYAR[Harg]	837.9399	"[""y4+1"", ""y5+1"", ""b3+1"", ""y12+1"", ""y10+1"", ""y8+1""]"
CUL3	YVNSIWDLLK[Hlys]	629.84973	"[""y8+1"", ""y5+1"", ""y4+1"", ""y7+1"", ""y3+1"", ""y9+1""]"
TKT	LDNLVAILDINR[Harg]	689.9	"[""y7+1"", ""y8+1"", ""b3+1"", ""b4+1"", ""y6+1"", ""y5+1""]"
NDUFAF4	ISIVEALTLLNNHK[Hlys]	524.97815	"[""y9+1"", ""y7+1"", ""y10+1"", ""y5+1"", ""y4+1""]"
CCND1	AC[Carb]QEQIEALLESSLR[Harg]	586.2973	"[""y6+1"", ""y7+1"", ""b5+1"", ""b8+1"", ""y4+1"", ""b4+1""]"
